Question,Answer
What is your name?,My name is John Doe.
Where are you calling from?,I'm calling from New York City.
Can I speak with Jane?,"Sorry, she's not available at the moment."
When will you be free?,I'll be free after 3 PM.
Who is this speaking?,This is Mark from the local bookstore.
Can you hear me clearly?,"Yes, I can hear you loud and clear."
Would you like to leave a message?,Please tell him to call me back.
What time is the meeting?,The meeting is at 10 AM tomorrow.
Are you coming to the party?,"Yes, I'll be there at 8 PM."
How are you today?,"I'm doing great, thank you for asking."
Can you give me directions?,"Sure, take a left at the traffic light."
Did you receive my email?,"Yes, I received your email this morning."
Is this the right number?,"Yes, you've dialed the correct number."
How long will you be in town?,I'll be here for two weeks.
What is your address?,"I live at 123 Elm Street, near the park."
Who was on the other line?,"It was my colleague, Sarah."
Can I call you back later?,"Of course, I will be available after 4 PM."
When did you arrive?,I arrived just 10 minutes ago.
What book are you reading?,I'm reading 'The Great Gatsby' right now.
Do you want to grab lunch?,"Yes, I'm free around 1 PM. Let's meet then."
Who are you talking to?,I'm speaking with my friend David.
Is this a bad time?,"No, it's a good time to talk."
What did you think of the novel?,"I thought it was fantastic, really captivating."
Are you available to meet?,I can meet you at 6 PM.
Can we talk later?,"Sure, I'll call you back in an hour."
Did you get my message?,"Yes, I received your message."
Are you coming to the event?,"Yes, I'll be there in 30 minutes."
Who called me earlier?,"It was your cousin, she was asking about you."
What happened to the project?,"We are still working on it, but it's progressing well."
Is the book still available?,"Yes, it's available at the bookstore."
Can you give me a call tomorrow?,"Sure, I'll call you after noon."
What did the author mean in chapter 5?,It seems like the author is referring to a major life change.
Are you free tonight?,"Yes, I am free this evening."
What did you think of the ending?,I didn't expect it at all; it was quite a twist.
How are things at work?,"Things are busy, but manageable."
Are you enjoying the book?,"Yes, it's really interesting and thought-provoking."
Can I borrow your book?,"Sure, you can borrow it for a week."
Is there a lot of traffic?,"Yes, the roads are quite congested right now."
Who wrote this novel?,The novel was written by George Orwell.
What time do you want to meet?,How about 4 PM?
How is your day going?,"It's been good so far, just a bit hectic."
Where are you calling from?,I'm calling from a coffee shop nearby.
Did you finish your homework?,"Yes, I just finished it an hour ago."
How do you like the novel so far?,"It's really gripping, I can't put it down."
Are you still interested in the job?,"Yes, I am still very interested."
What should we do next?,Let's plan a meeting to discuss the details.
Are you attending the seminar?,"Yes, I registered for it last week."
Can you suggest any good books?,I recommend 'To Kill a Mockingbird.' It's a classic.
What did you think of the character?,I think the character is complex and relatable.
Do you have any questions?,"No, everything is clear so far."
Did you speak with the author?,"Yes, I had a brief conversation with him."
When did you read the novel?,I read it last summer during my vacation.
What did the main character do?,He embarked on a journey to discover himself.
Where can I buy the book?,You can buy it online or at any major bookstore.
Is there any suspense in the book?,"Yes, the plot keeps you on the edge of your seat."
Can you tell me the plot?,It's about a young man who faces numerous challenges.
Have you finished the chapter?,"Yes, I just completed it."
What is the theme of the novel?,The theme focuses on love and loss.
When does the story take place?,The story is set in the early 20th century.
Can you lend me the novel?,"Sure, I'll bring it to work tomorrow."
Is this a mystery novel?,"Yes, it's filled with twists and turns."
What time will the movie start?,It starts at 7:30 PM.
Do you like reading fiction?,"Yes, I enjoy reading novels and short stories."
What did the character learn?,The character learned the importance of resilience.
Can you give me more details?,"Sure, the book focuses on the life of a young artist."
What is the book about?,It's about a dystopian society under totalitarian rule.
Do you enjoy historical novels?,"Yes, I find them fascinating and educational."
Did you attend the lecture?,"Yes, I attended and took detailed notes."
What genre is the book?,It's a fantasy novel with some elements of adventure.
Can you help me find the author?,"Yes, the author is J.K. Rowling."
Is the novel a bestseller?,"Yes, it has been on the bestseller list for months."
Who is the protagonist?,The protagonist is a young woman named Emily.
What are your thoughts on the plot?,"The plot is very unpredictable, keeps you guessing."
What is the moral of the story?,The moral is to never give up on your dreams.
Can I join the discussion group?,"Yes, you're welcome to join the next meeting."
Who is the antagonist?,The antagonist is a corrupt government official.
What kind of ending does the book have?,The book has a bittersweet ending that stays with you.
Do you prefer fiction or nonfiction?,I prefer fiction because it allows me to escape into different worlds.
Can I read this book online?,"Yes, it's available as an e-book."
How many pages does the book have?,It has around 350 pages.
Can you recommend a similar novel?,I recommend reading '1984' by George Orwell.
Is the story written in first person?,"Yes, it's written from the protagonist's point of view."
When was the book published?,It was first published in 1995.
Who are the supporting characters?,The supporting characters include the protagonist's family and friends.
Did you enjoy the twist?,"Yes, it was a shocking revelation."
What did you learn from the book?,I learned about the importance of standing up for what's right.
What was the most interesting part?,The most interesting part was the final showdown.
